<?xml version="1.0" encoding="utf-8"?>
<!--Created using XmlSitemapGenerator.org - Free HTML, RSS and XML sitemap generator-->
<rss version="2.0">
  <channel>
    <title>Criação e Design de Sites</title>
    <link>https://seswebworld.com.br</link>
    <description />
    <item>
      <guid>https://seswebworld.com.br</guid>
      <title>Criação e Design de Sites</title>
      <link>https://seswebworld.com.br</link>
      <description>S e S Web World - Conectando Pessoas. Desenvolvimento, manutenção e otimização de sites, desenvolvimento de aplicativos Android&amp;copy;</description>
    </item>
    <item>
      <guid>https://seswebworld.com.br/contato.html</guid>
      <title>Contato</title>
      <link>https://seswebworld.com.br/contato.html</link>
      <description>S e S Web World, Desenvolvimento Web, Desenvolvimento de Sites, Desenvolvimento de Aplicativos</description>
    </item>
    <item>
      <guid>https://seswebworld.com.br/index.html</guid>
      <title>Criação e Design de Sites</title>
      <link>https://seswebworld.com.br/index.html</link>
      <description>S e S Web World - Conectando Pessoas. Desenvolvimento, manutenção e otimização de sites, desenvolvimento de aplicativos Android&amp;copy;</description>
    </item>
    <item>
      <guid>https://seswebworld.com.br/downloads/download.html</guid>
      <title>Downloads</title>
      <link>https://seswebworld.com.br/downloads/download.html</link>
      <description>S e S Web World - Conectando Pessoas. Desenvolvimento, manutenção e otimização de sites, desenvolvimento de aplicativos Android&amp;copy;</description>
    </item>
    <item>
      <guid>https://seswebworld.com.br/portfolio.html</guid>
      <title>Portfólio</title>
      <link>https://seswebworld.com.br/portfolio.html</link>
      <description>S e S Web World, Desenvolvimento Web, Desenvolvimento de Sites, Desenvolvimento de Aplicativos</description>
    </item>
    <item>
      <guid>https://seswebworld.com.br/templates.html</guid>
      <title>Templates - S &amp; S Web World - Conectando Pessoas</title>
      <link>https://seswebworld.com.br/templates.html</link>
      <description>S e S Web World - Conectando Pessoas. Desenvolvimento, manutenção e otimização de sites, desenvolvimento de aplicativos Android&amp;copy;</description>
    </item>
    <item>
      <guid>https://seswebworld.com.br/sobre.html</guid>
      <title>
            Fundação
        </title>
      <link>https://seswebworld.com.br/sobre.html</link>
      <description>S e S Web World, Desenvolvimento Web, Desenvolvimento de Sites, Desenvolvimento de Aplicativos</description>
    </item>
    <item>
      <guid>https://seswebworld.com.br/servicos.html</guid>
      <title>
            O Que Fazemos?
        </title>
      <link>https://seswebworld.com.br/servicos.html</link>
      <description>S e S Web World, Desenvolvimento Web, Desenvolvimento de Sites, Desenvolvimento de Aplicativos</description>
    </item>
    <item>
      <guid>https://seswebworld.com.br/downloads/contrato-criacao-website.pdf</guid>
      <title>contrato-criacao-website.pdf</title>
      <link>https://seswebworld.com.br/downloads/contrato-criacao-website.pdf</link>
      <description />
      <pubDate>Fri, 10 Jul 2020 08:36:00 Z</pubDate>
    </item>
    <item>
      <guid>https://seswebworld.com.br/downloads/contrato_manutencao.pdf</guid>
      <title>contrato_manutencao.pdf</title>
      <link>https://seswebworld.com.br/downloads/contrato_manutencao.pdf</link>
      <description />
      <pubDate>Fri, 10 Jul 2020 08:36:00 Z</pubDate>
    </item>
    <item>
      <guid>https://seswebworld.com.br/portfolio2.html</guid>
      <title>Portfólio</title>
      <link>https://seswebworld.com.br/portfolio2.html</link>
      <description>S e S Web World, Desenvolvimento Web, Desenvolvimento de Sites, Desenvolvimento de Aplicativos</description>
    </item>
    <item>
      <guid>https://seswebworld.com.br/portfolio3.html</guid>
      <title>Portfólio</title>
      <link>https://seswebworld.com.br/portfolio3.html</link>
      <description>S e S Web World, Desenvolvimento Web, Desenvolvimento de Sites, Desenvolvimento de Aplicativos</description>
    </item>
  </channel>
</rss>
<!--<guid value="15da6b4d-4f68-4187-bac3-e8c4e2d60cb9" />-->
<!--Created using XmlSitemapGenerator.org - Free HTML, RSS and XML sitemap generator-->