<?xml version="1.0" encoding="utf-8"?>
<!--Created using XmlSitemapGenerator.org - Free HTML, RSS and XML sitemap generator-->
<rss version="2.0">
  <channel>
    <title>Criação e Design de Sites</title>
    <link>https://seswebworld.com.br</link>
    <description />
    <item>
      <guid>https://seswebworld.com.br</guid>
      <title>Criação e Design de Sites</title>
      <link>https://seswebworld.com.br</link>
      <description>S e S Web World, Desenvolvimento Web, Desenvolvimento de Sites, Desenvolvimento de Aplicativos</description>
      <pubDate>Wed, 24 Jun 2020 08:36:00 Z</pubDate>
    </item>
    <item>
      <guid>https://seswebworld.com.br/contato.html</guid>
      <title>Contato</title>
      <link>https://seswebworld.com.br/contato.html</link>
      <description>S e S Web World, Desenvolvimento Web, Desenvolvimento de Sites, Desenvolvimento de Aplicativos</description>
      <pubDate>Wed, 24 Jun 2020 08:36:00 Z</pubDate>
    </item>
    <item>
      <guid>https://seswebworld.com.br/sobre.html</guid>
      <title>
            Fundação
        </title>
      <link>https://seswebworld.com.br/sobre.html</link>
      <description>S e S Web World, Desenvolvimento Web, Desenvolvimento de Sites, Desenvolvimento de Aplicativos</description>
      <pubDate>Wed, 24 Jun 2020 08:36:00 Z</pubDate>
    </item>
    <item>
      <guid>https://seswebworld.com.br/servicos.html</guid>
      <title>
            O Que Fazemos?
        </title>
      <link>https://seswebworld.com.br/servicos.html</link>
      <description>S e S Web World, Desenvolvimento Web, Desenvolvimento de Sites, Desenvolvimento de Aplicativos</description>
      <pubDate>Wed, 24 Jun 2020 08:36:00 Z</pubDate>
    </item>
    <item>
      <guid>https://seswebworld.com.br/portfolio.html</guid>
      <title>Portfólio</title>
      <link>https://seswebworld.com.br/portfolio.html</link>
      <description>S e S Web World, Desenvolvimento Web, Desenvolvimento de Sites, Desenvolvimento de Aplicativos</description>
      <pubDate>Wed, 24 Jun 2020 08:36:00 Z</pubDate>
    </item>
    <item>
      <guid>https://seswebworld.com.br/index.html</guid>
      <title>Criação e Design de Sites</title>
      <link>https://seswebworld.com.br/index.html</link>
      <description>S e S Web World, Desenvolvimento Web, Desenvolvimento de Sites, Desenvolvimento de Aplicativos</description>
      <pubDate>Wed, 24 Jun 2020 08:36:00 Z</pubDate>
    </item>
    <item>
      <guid>https://seswebworld.com.br/portfolio2.html</guid>
      <title>Portfólio</title>
      <link>https://seswebworld.com.br/portfolio2.html</link>
      <description>S e S Web World, Desenvolvimento Web, Desenvolvimento de Sites, Desenvolvimento de Aplicativos</description>
      <pubDate>Wed, 24 Jun 2020 08:36:00 Z</pubDate>
    </item>
    <item>
      <guid>https://seswebworld.com.br/portfolio3.html</guid>
      <title>Portfólio</title>
      <link>https://seswebworld.com.br/portfolio3.html</link>
      <description>S e S Web World, Desenvolvimento Web, Desenvolvimento de Sites, Desenvolvimento de Aplicativos</description>
      <pubDate>Wed, 24 Jun 2020 08:36:00 Z</pubDate>
    </item>
  </channel>
</rss>
<!--<guid value="1a35e31d-6736-4add-a4ba-c566c262ba34" />-->
<!--Created using XmlSitemapGenerator.org - Free HTML, RSS and XML sitemap generator-->